Tittles,I1 Near Misses,I1 Near Misses,I1 Near Misses,I2 Lost Time Injury,I2 Lost Time Injury,I2 Lost Time Injury,V1 Actual Volume Dropped ,V1 Actual Volume Dropped ,V1 Actual Volume Dropped ,V1 Actual Volume Dropped ,V1 Actual Volume Dropped ,Order Fulfillment (%),Order Fulfillment (%),Order Fulfillment (%),Order Fulfillment (%),Order Fulfillment (%),Inventory Location Accuracy,Inventory Location Accuracy,Inventory Location Accuracy,Inventory Location Accuracy,Inventory Location Accuracy,Inventory Location Accuracy,Inventory Location Accuracy,OVERTIME (%),OVERTIME (%),OVERTIME (%),OVERTIME (%),OVERTIME (%),OVERTIME (%),OVERTIME (%),OVERTIME (%),OVERTIME (%),Labor Cost Per Unit Shipped,Labor Cost Per Unit Shipped,Labor Cost Per Unit Shipped,Labor Cost Per Unit Shipped,Labor Cost Per Unit Shipped,PRODUCTIVITY 1,PRODUCTIVITY 1,PRODUCTIVITY 1,PRODUCTIVITY 1,PRODUCTIVITY 1,PRODUCTIVITY 2,PRODUCTIVITY 2,PRODUCTIVITY 2,PRODUCTIVITY 2,PRODUCTIVITY 2,PRODUCTIVITY 3,PRODUCTIVITY 3,PRODUCTIVITY 3,PRODUCTIVITY 3,PRODUCTIVITY 3,PRODUCTIVITY 4,PRODUCTIVITY 4,PRODUCTIVITY 4,PRODUCTIVITY 4,PRODUCTIVITY 4,PRODUCTIVITY 5,PRODUCTIVITY 5,PRODUCTIVITY 5,PRODUCTIVITY 5,PRODUCTIVITY 5,PRODUCTIVITY 6,PRODUCTIVITY 6,PRODUCTIVITY 6,PRODUCTIVITY 6,PRODUCTIVITY 6,PRODUCTIVITY 7,PRODUCTIVITY 7,PRODUCTIVITY 7,PRODUCTIVITY 7,PRODUCTIVITY 7,PRODUCTIVITY 8,PRODUCTIVITY 8,PRODUCTIVITY 8,PRODUCTIVITY 8,PRODUCTIVITY 8,PRODUCTIVITY 9,PRODUCTIVITY 9,PRODUCTIVITY 9,PRODUCTIVITY 9,PRODUCTIVITY 9,PRODUCTIVITY 10,PRODUCTIVITY 10,PRODUCTIVITY 10,PRODUCTIVITY 10,PRODUCTIVITY 10,PRODUCTIVITY 11,PRODUCTIVITY 11,PRODUCTIVITY 11,PRODUCTIVITY 11,PRODUCTIVITY 11,PRODUCTIVITY 12,PRODUCTIVITY 12,PRODUCTIVITY 12,
Date,I1 Near Misses,I1 Near Misses Target,Comment I1 Near Misses,I2 Lost Time Injury,I2 Lost Time Injury Target,Comment I2 Lost Time Injury,V1 Actual Volume Dropped ,V2 Forecast Volumes ,Comment V1 Actual Volume Dropped ,Q3 Number of Orders Available ,Q4 Number of Orders Required,Order Fulfillment (%),Order Fulfillment (%) Target,Comment Order Fulfillment (%),Q1 Number of Accurate Locations,Q2 Total Number of Locations Counted ,Inventory Location Accuracy,Inventory Location Accuracy Target,Comment Inventory Location Accuracy,Total Temporary Direct Labor Ordinary Hours ,Total Permanent Direct Labor Ordinary Hours ,Total Permanent Direct Labor Overtime Hours,Total Temporary Direct Labor Overtime Hours,OVERTIME (%),Target_1 (%),Target_2 (%),Comment Target_1 (%),S1 Permanent Direct Labor Cost,S2 Permanent Indirect Labor Cost ,S3 Temporary Direct Labor Cost ,S4 Temporary Indirect Labor Cost,P6 Units Shipped,Labor Cost Per Unit Shipped,Labor Cost Per Unit Shipped Target,Comment Labor Cost Per Unit Shipped,Actual Volume Processed 1,Direct Labor Hours 1,PRODUCTIVITY 1,PRODUCTIVITY 1 Target,Comment PRODUCTIVITY 1,Actual Volume Processed 2,Direct Labor Hours 2,PRODUCTIVITY 2,PRODUCTIVITY 2 Target,Comment PRODUCTIVITY 2,Actual Volume Processed 3,Direct Labor Hours 3,PRODUCTIVITY 3,PRODUCTIVITY 3 Target,Comment PRODUCTIVITY 3,Actual Volume Processed 4,Direct Labor Hours 4,PRODUCTIVITY 4,PRODUCTIVITY 4 Target,Comment PRODUCTIVITY 4,Actual Volume Processed 5,Direct Labor Hours 5,PRODUCTIVITY 5,PRODUCTIVITY 5 Target,Comment PRODUCTIVITY 5,Actual Volume Processed 6,Direct Labor Hours 6,PRODUCTIVITY 6,PRODUCTIVITY 6 Target,Comment PRODUCTIVITY 6,Actual Volume Processed 7,Direct Labor Hours 7,PRODUCTIVITY 7,PRODUCTIVITY 7 Target,Comment PRODUCTIVITY 7,Actual Volume Processed 8,Direct Labor Hours 8,PRODUCTIVITY 8,PRODUCTIVITY 8 Target,Comment PRODUCTIVITY 8,Actual Volume Processed 9,Direct Labor Hours 9,PRODUCTIVITY 9,PRODUCTIVITY 9 Target,Comment PRODUCTIVITY 9,Actual Volume Processed 10,Direct Labor Hours 10,PRODUCTIVITY 10,PRODUCTIVITY 10 Target,Comment PRODUCTIVITY 10,Actual Volume Processed 11,Direct Labor Hours 11,PRODUCTIVITY 11,PRODUCTIVITY 11 Target,Comment PRODUCTIVITY 11,Actual Volume Processed 12,Direct Labor Hours 12,PRODUCTIVITY 12,PRODUCTIVITY 12 Target,Comment PRODUCTIVITY 12,Comment PRODUCTIVITY 12
44105,0,1,,0,0,,1450,1246,,1456,1456,1,0.995,,594,594,1,1246,,184,,197,31,28,0.134090909,0.02,0.05,,9286560,6308600,7302500,0,33274,688.1547154,800,,-,-,-,-,,-,-,-,-,,2701,8,337.625,300,,13,0.06,216.6666667,250,,35496,140,253.5428571,250,,1214,11,110.3636364,150,,31674,154,205.6753247,200,,0,0,#DIV/0!,100,,238,1.2,198.3333333,160,,-,-,-,-,,4,0.08,50,40,,1055,4.9,215.3061224,300,
44106,0,1,,0,0,,1444,969,,1388,1388,1,0.995,,561,561,1,0.997,,200,,233,39,36,0.147637795,0.02,0.05,,9127380,6308600,8100000,0,34487,682.4594775,800,,-,-,-,-,,-,-,-,-,,1562,4,390.5,300,,5,0.02,250,250,,39396,144,273.5833333,250,,10047,56,179.4107143,150,,30938,162,190.9753086,200,,0,0,#DIV/0!,100,,2100,13,161.5384615,160,,-,-,-,-,,0,0,#DIV/0!,40,,103,0.6,171.6666667,300,
44107,0,1,,0,0,,846,1131,,761,761,1,0.995,,556,556,1,0.997,,228,,256,0,0,0,0.02,0.05,,10194900,6137500,4845000,0,20741,1021.040451,800,,-,-,-,-,,-,-,-,-,,2995,14.5,206.5517241,300,,3204,14.9,215.033557,250,,28920,140,206.5714286,250,,10115,80,126.4375,150,,19609,108,181.5648148,200,,0,0,#DIV/0!,100,,5297,37.5,141.2533333,160,,-,-,-,-,,7,0.33,21.21212121,40,,225,1.2,187.5,300,
44108,-,1,,-,0,,-,-,,-,-,#VALUE!,0.995,,-,-,#VALUE!,0.997,,-,,-,-,-,#DIV/0!,0.02,0.05,,-,-,-,-,-,#VALUE!,800,,-,-,-,-,,-,-,-,-,,-,-,#VALUE!,300,,-,-,#VALUE!,250,,-,-,#VALUE!,250,,-,-,#VALUE!,150,,-,-,#VALUE!,200,,-,-,#VALUE!,100,,-,-,#VALUE!,160,,-,-,-,-,,-,-,#VALUE!,40,,-,-,#VALUE!,300,
44109,0,1,,0,0,,586,699,,551,551,1,0.995,,457,458,0.997816594,0.997,,252,,228,0,0,0,0.02,0.05,,9079810,6137500,7925000,0,15936,1452.203188,800,,-,-,-,-,,-,-,-,-,,3839,17.13,157.6765908,300,,1034,5,206.8,250,,41124,144,285.5833333,250,,10770,60,179.5,150,,10611,63,168.4285714,200,,2788,44.5,62.65168539,100,,5049,34,148.5,160,,-,-,-,-,,9,0.2,45,40,,18,0.1,180,300,
44110,0,1,,0,0,,931,848,,905,905,1,0.995,,580,580,1,0.997,,316,,236,0,0,0,0.02,0.05,,9398400,6609620,9585000,0,28795,888.8008335,800,,-,-,-,-,,-,-,-,-,,4258,18.67,83.66363149,300,,63,0.3,210,250,,40320,160,252,250,,6125,48,127.6041667,150,,14414,80.5,179.0559006,200,,5324,82.5,64.53333333,100,,5540,34,162.9411765,160,,-,-,-,-,,4,0.13,30.76923077,40,,306,2,153,300,
44111,0,1,,0,0,,791,831,,878,878,1,0.995,,615,618,0.995145631,0.997,,232,,240,0,0,0,0.02,0.05,,9557690,6137500,7260000,0,20524,1118.455954,800,,-,-,-,-,,-,-,-,-,,1711,7.67,390.482399,300,,0,0,#DIV/0!,250,,28560,128,223.125,250,,4851,40,121.275,150,,11445,68.8,166.3517442,200,,5097,38.5,132.3896104,100,,3193,26,122.8076923,160,,-,-,-,-,,33,1.55,21.29032258,40,,904,5,180.8,300,
44112,0,1,,0,0,,701,848,,723,723,1,0.995,,456,456,1,0.997,,190,,236,0,0,0,0.02,0.05,,9398400,6609620,6185000,0,23901,928.5393917,800,,-,-,-,-,,-,-,-,-,,61,0.25,#VALUE!,300,,22,0.11,200,250,,7668,54,142,250,,12781,68,187.9558824,150,,9649,57,169.2807018,200,,2714,37.5,72.37333333,100,,4129,30.3,136.2706271,160,,-,-,-,-,,63,1.88,33.5106383,40,,899,4.6,195.4347826,300,
44113,0,1,,0,0,,710,833,,705,705,1,0.995,,581,582,0.998281787,0.997,,296,,212,0,0,0,0.02,0.05,,8442630,6609620,9130000,0,20492,1180.082471,800,,-,-,-,-,,-,-,-,-,,4449,12.17,315.4478225,300,,22,0.11,200,250,,26196,144,181.9166667,250,,12916,68,189.9411765,150,,9893,57.5,172.0521739,200,,3273,48.5,67.48453608,100,,4290,35.5,120.8450704,160,,-,-,-,-,,22,0.68,32.35294118,40,,1971,6.6,298.6363636,300,
44114,0,1,,0,0,,397,761,,421,421,1,0.995,,461,461,1,0.997,,175,,216,0,0,0,0.02,0.05,,8601920,6609620,6316250,0,9348,2302.930039,800,,-,-,-,-,,-,-,-,-,,1732,5,851.6,300,,317,1.5,211.3333333,250,,24300,96,253.125,250,,5017,40,125.425,150,,4917,26.3,186.9581749,200,,1691,25,67.64,100,,6289,33.5,187.7313433,160,,-,-,-,-,,6,0.15,40,40,,903,3.3,273.6363636,300,
44115,-,1,,-,0,,-,-,,-,-,#VALUE!,0.995,,-,-,#VALUE!,0.997,,-,,-,-,-,#DIV/0!,0.02,0.05,VTA OT pack & sort Xdock HCM,-,-,-,-,-,#VALUE!,800,,-,-,-,-,,-,-,-,-,,-,-,#VALUE!,300,,-,-,#VALUE!,250,,-,-,#VALUE!,250,,-,-,#VALUE!,150,,-,-,#VALUE!,200,,-,-,#VALUE!,100,,-,-,#VALUE!,160,,-,-,-,-,,-,-,#VALUE!,40,,-,-,#VALUE!,300,
44116,0,1,,0,0,,796,473,,795,795,1,0.995,,468,470,0.995744681,0.997,,224,,232,4,0,0.008695652,0.02,0.05,,9514460,6609620,6057500,0,18085,1226.518109,800,,-,-,-,-,,-,-,-,-,,0,0,#DIV/0!,300,,403,1.6,251.875,250,,10596,75,141.28,250,,8583,76,112.9342105,150,,11908,71.5,166.5454545,200,,872,13.1,66.5648855,100,,2746,25.5,107.6862745,160,,-,-,-,-,,40,1,40,40,,902,3,300.6666667,300,
44117,0,1,,0,0,,1017,925,,894,894,1,0.995,,510,512,0.99609375,0.997,,234,,240,35,23,0.109022556,0.02,0.05,VTA OT pack & sort Buildstock,11693200,8645610,9015630,0,23135,1268.832505,800,,-,-,-,-,,-,-,-,-,,6153,30.67,145.0603195,300,,1454,5.9,246.440678,250,,28704,134,214.2089552,250,,6742,60,112.3666667,150,,13785,84,164.1071429,200,,0,0,#DIV/0!,100,,7122,66.5,107.0977444,160,,-,-,-,-,,32,1.35,23.7037037,40,,4157,12,346.4166667,300,
44118,0,1,,0,0,,865,1133,,982,982,1,0.995,,548,548,1,0.997,,248,,216,0,0,0,0.02,0.05,,8634980,6609620,8220000,0,24554,955.6324835,800,,-,-,-,-,,-,-,-,-,,1435,6.73,257.3551263,300,,206,0.7,294.2857143,250,,36228,136,266.3823529,250,,9750,56,174.1071429,150,,12933,80.5,160.6583851,200,,0,0,#DIV/0!,100,,4642,40,116.05,160,,-,-,-,-,,26,1.03,25.24271845,40,,3084,11,280.3636364,300,
44119,0,1,,0,0,,737,883,,784,784,1,0.995,,674,674,1,0.997,,166,,224,0,0,0,0.02,0.05,,8954790,6137500,5410000,0,19972,1026.551672,800,,-,-,-,-,,-,-,-,-,,1037,3.33,311.4114114,300,,70,0.3,233.3333333,250,,30780,118,260.8474576,250,,9276,72,128.8333333,150,,12987,77,168.6623377,200,,0,0,#DIV/0!,100,,1114,6,185.6666667,160,,-,-,-,-,,25,1.1,22.72727273,40,,2384,12,198.6666667,300,
44120,0,1,,0,0,,689,899,,647,647,1,0.995,,2704,2704,1,0.997,,228,,220,24,0,0.050847458,0.02,0.05,,10234000,6934190,7170000,0,21982,1107.187244,800,,-,-,-,-,,-,-,-,-,,3498,14.16,247.0338983,300,,2406,10.4,231.3461538,250,,21780,88,247.5,250,,13630,104,131.0576923,150,,10476,61.8,169.5145631,200,,1679,25.8,65.07751938,100,,3337,24,139.0416667,160,,-,-,-,-,,98,2.53,38.73517787,40,,7740,20,387,300,
44121,0,1,,0,0,,582,749,,561,561,1,0.995,,551,551,1,0.997,,198,,164,0,0,0,0.02,0.05,OT hàng COP,7835440,5652960,9220000,0,24046,944.3732845,800,,-,-,-,-,,-,-,-,-,,3137,15,209.1333333,300,,883,4,220.75,250,,15360,54,284.4444444,250,,7653,65,117.7384615,150,,10584,60.5,174.9421488,200,,4970,99.4,50,100,,4232,42,100.7619048,160,,-,-,-,-,,77,2.43,31.6872428,40,,4237,17,249.2352941,300,
44122,-,1,,-,0,,-,-,,-,-,#VALUE!,0.995,,-,-,#VALUE!,0.997,,-,,-,-,-,#DIV/0!,0.02,0.05,,-,-,-,-,-,#VALUE!,800,,-,-,-,-,,-,-,-,-,,-,-,#VALUE!,300,,-,-,#VALUE!,250,,-,-,#VALUE!,250,,-,-,#VALUE!,150,,-,-,#VALUE!,200,,-,-,#VALUE!,100,,-,-,#VALUE!,160,,-,-,-,-,,-,-,#VALUE!,40,,-,-,#VALUE!,300,
44123,0,1,,0,0,,713,450,,832,832,1,0.995,,413,413,1,0.997,,196,,216,0,0,0,0.02,0.05,,8634980,6595120,6600000,0,15191,1437.041669,800,,-,-,-,-,,-,-,-,-,,2230,10.9,204.587156,300,,1101,4.1,268.5365854,250,,16200,56,289.2857143,250,,1883,17,110.7647059,150,,12634,70,180.4857143,200,,4889,93.8,52.12153518,100,,5593,36.8,151.9836957,160,,-,-,-,-,,30,0.88,34.09090909,40,,439,2,219.5,300,
44124,0,1,,0,0,,1074,652,,1099,1099,1,0.995,,417,417,1,0.997,,184,,240,0,0,0,0.02,0.05,,9594420,6595120,7430000,0,28511,828.4360422,800,,-,-,-,-,,-,-,-,-,,1125,5.3,212.2641509,300,,0,0,#DIV/0!,250,,13800,89,155.0561798,250,,4624,40,115.6,150,,16121,87.5,184.24,200,,2112,56.3,37.51332149,100,,4085,37.5,108.9333333,160,,-,-,-,-,,4,0.12,33.33333333,40,,1779,8,222.375,300,
44125,0,1,,0,0,,840,1160,,870,870,1,0.995,,530,530,1,0.997,,195,,224,0,0,0,0.02,0.05,,8954790,6595120,7810000,0,20907,1117.324819,800,,-,-,-,-,,-,-,-,-,,2254,7.9,285.3164557,300,,0,0,#DIV/0!,250,,8616,67,128.5970149,250,,6665,58,114.9137931,150,,13924,77,180.8311688,200,,5113,69.4,73.67435159,100,,5777,38.5,150.0519481,160,,-,-,-,-,,55,2,27.5,40,,2503,6.1,410.3278689,300,
44126,0,1,,0,0,,876,1262,,843,843,1,0.995,,764,765,0.99869281,0.997,,208,,220,0,0,0,0.02,0.05,,8813400,5970190,7105000,0,22288,982.0795944,800,,-,-,-,-,,-,-,-,-,,1756,6.46,271.8266254,300,,72,0.3,240,250,,28332,99.75,284.0300752,250,,9718,86,113,150,,12912,70.875,182.1798942,200,,2660,27.18,97.866078,100,,5931,31.8,186.509434,160,,-,-,-,-,,2,0.08,25,40,,1080,4.53,238.410596,300,
44127,0,1,,0,0,,828,978,,816,816,1,0.995,,484,485,0.997938144,0.997,,180,,216,0,0,0,0.02,0.05,,8653150,5510950,5740000,0,24076,826.7195547,800,,-,-,-,-,,-,-,-,-,,1750,7.9,221.5189873,300,,262,1.3,201.5384615,250,,17760,66,269.0909091,250,,11291,100,112.91,150,,14504,77,188.3636364,200,,1700,41.3,41.1622276,100,,1255,7.5,167.3333333,160,,-,-,-,-,,46,1.5,30.66666667,40,,3998,10,399.8,300,
44128,0,1,,0,0,,487,843,,493,493,1,0.995,,451,451,1,0.997,,152,,200,0,0,0,0.02,0.05,,8012180,4592460,5180000,0,14219,1250.765877,800,,-,-,-,-,,-,-,-,-,,2429,13.98,173.7482117,300,,763,2,381.5,250,,12240,73,167.6712329,250,,6084,68,89.47058824,150,,9329,49.5,188.4646465,200,,0,0,#DIV/0!,100,,4473,26,172.0384615,160,,-,-,-,-,,5,0.22,22.72727273,40,,913,3,304.3333333,300,
44129,-,1,,-,0,,-,-,,-,-,#VALUE!,0.995,,-,-,#VALUE!,0.997,,-,,-,-,-,#DIV/0!,0.02,0.05,,-,-,-,-,-,#VALUE!,800,,-,-,-,-,,-,-,-,-,,-,-,#VALUE!,300,,-,-,#VALUE!,250,,-,-,#VALUE!,250,,-,-,#VALUE!,150,,-,-,#VALUE!,200,,-,-,#VALUE!,100,,-,-,#VALUE!,160,,-,-,-,-,,-,-,#VALUE!,40,,-,-,#VALUE!,300,
44130,0,1,,0,0,,945,499,,964,964,1,0.995,,535,535,1,0.997,,108,,216,0,0,0,0.02,0.05,,8653150,5510950,3760000,0,19668,911.33313,800,,-,-,-,-,,-,-,-,-,,1417,4.5,314.8888889,300,,352,1.5,234.6666667,250,,20220,89,227.1910112,250,,1443,19,75.94736842,150,,15700,84,186.9047619,200,,0,0,#DIV/0!,100,,3760,15,250.6666667,160,,-,-,-,-,,3,0.15,20,40,,689,3.2,215.3125,300,
44131,0,1,,0,0,,989,892,,1079,1079,1,0.995,,487,487,1,0.997,,188,,240,10,0,0.02283105,0.02,0.05,,10215500,5510950,5050000,0,32430,640.6552575,800,,-,-,-,-,,-,-,-,-,,1214,2.76,439.8550725,300,,232,1,232,250,,24168,97,249.1546392,250,,12138,70,173.4,150,,20998,99,212.1010101,200,,535,18.28,29.26695842,100,,1469,7.5,195.8666667,160,,-,-,-,-,,16,0.72,22.22222222,40,,1591,8.52,186.7370892,300,
44132,0,1,,0,0,,1122,1609,,1110,1110,1,0.995,,595,595,1,0.997,,168,,216,0,0,0,0.02,0.05,,8653150,5970190,5340000,0,26972,740.1505265,800,,-,-,-,-,,-,-,-,-,,696,2.07,336.2318841,300,,612,1.6,382.5,250,,8916,40,222.9,250,,6616,84,78.76190476,150,,20154,97.9,205.8631256,200,,6881,67.03,102.6555274,100,,1883,10,188.3,160,,-,-,-,-,,26,1.2,21.66666667,40,,3570,12,297.5,300,
44133,0,1,,0,0,,1415,1553,,1406,1406,1,0.995,,514,514,1,0.997,,168,,232,27,18,0.101123596,0.02,0.05,,11022400,5970190,6318750,0,34100,683.6170088,800,,-,-,-,-,,-,-,-,-,,643,2.78,231.294964,300,,664,2.2,301.8181818,250,,17208,72.7,236.698762,250,,2626,44,59.68181818,150,,27691,121.8,227.3481117,200,,912,16.25,56.12307692,100,,1179,8,147.375,160,,-,-,-,-,,22,0.67,32.8358209,40,,1984,7,283.4285714,300,
44134,0,1,,0,0,,988,1569,,1011,1011,1,0.995,,462,462,1,0.997,,184,,228,24,0,0.055045872,0.02,0.05,,10576100,5970190,5620000,0,29898,741.3970834,800,,-,-,-,-,,-,-,-,-,,6347,27.01,234.9870418,300,,3058,12.18,251.0673235,250,,23652,120,197.1,250,,11767,56,210.125,150,,16675,84.375,197.6296296,200,,0,0,#DIV/0!,100,,6046,26.5,228.1509434,160,,-,-,-,-,,102,5.07,20.1183432,40,,6992,22,317.8181818,300,
44135,0,1,,0,0,,883,1474,,883,883,1,0.995,,450,450,1,0.997,,216,,240,0,0,0,0.02,0.05,,9614620,5740570,7080000,0,30258,741.4630841,800,,-,-,-,-,,-,-,-,-,,2461,10.6,232.1698113,300,,2226,8.4,265,250,,15936,108,147.5555556,250,,8787,79,111.2278481,150,,18324,91,201.3626374,200,,0,0,#DIV/0!,100,,5459,37.5,145.5733333,160,,-,-,-,-,,40,2.2,18.18181818,40,,3843,12.82,299.7659906,300,
44136,-,1,,-,0,,-,-,,-,-,#VALUE!,0.995,,-,-,#VALUE!,0.997,,-,,-,-,-,#DIV/0!,0.02,0.05,,-,-,-,-,-,#VALUE!,800,,-,-,-,-,,-,-,#VALUE!,250,,-,-,#VALUE!,300,,-,-,#VALUE!,250,,-,-,#VALUE!,250,,-,-,#VALUE!,150,,-,-,#VALUE!,200,,-,-,#VALUE!,100,,-,-,#VALUE!,160,,-,-,-,-,,-,-,#VALUE!,40,,-,-,#VALUE!,300,
44137,0,1,,0,0,,1257,1483,,1254,1254,1,0.995,,399,399,1,0.997,,171,,232,30.5,18,0.107419712,0.02,0.05,,11232700,5970190,6838750,0,31931,752.924744,800,,-,-,-,-,,740,4.05,182.7160494,250,,549,3.25,168.9230769,300,,191,0.8,238.75,250,,18276,92,198.6521739,250,,8671,71,122.1267606,150,,26144,126.635,206.4516129,200,,760,15,50.66666667,100,,4471,23.3,191.888412,160,,1456,1.63,893.2515337,,,0,0,#DIV/0!,40,,97,0.4,242.5,300,
44138,0,1,,0,0,,1437,1512,,1397,1397,1,0.995,,447,447,1,0.997,,184,,249,24,26,0.103519669,0.02,0.05,,11592000,5970190,8111880,0,39531,649.4667476,800,,-,-,-,-,,1197,3.27,366.0550459,250,,1197,3.27,366.0550459,300,,0,0,#DIV/0!,250,,11300,59,191.5254237,250,,8649,67,129.0895522,150,,31701,150.03,211.2977405,200,,2588,50.75,50.99507389,100,,1838,12,153.1666667,160,,0,0,#DIV/0!,,,9,0.33,27.27272727,40,,1360,6.07,224.0527183,300,
44139,0,1,,0,0,,1477,850,,1477,1477,1,0.995,,632,632,1,0.997,,200,,248,0,0,0,0.02,0.05,,9935100,5970190,6870000,0,30669,742.6159966,800,,-,-,-,-,,3031,14.63,207.1770335,250,,2013,9.63,209.0342679,300,,1018,5,203.6,250,,17088,88,194.1818182,250,,8530,63,135.3968254,150,,24885,127.5,195.1764706,200,,765,18.75,40.8,100,,2839,18,157.7222222,160,,0,0,#DIV/0!,,,18,0.52,34.61538462,40,,758,3.3,229.6969697,300,
44140,0,1,,0,0,,711,678,,714,714,1,0.995,,441,441,1,0.997,,200,,240,0,0,0,0.02,0.05,,9614620,5740570,6660000,0,35151,626.3033769,800,,-,-,-,-,,4168,15.12,275.6613757,250,,3207,10.72,299.1604478,300,,961,4.4,218.4090909,250,,21936,97,226.1443299,250,,13880,83,167.2289157,150,,20673,97.9,211.1644535,200,,654,15,43.6,100,,4717,28.8,163.7847222,160,,334,0.42,795.2380952,,,23,0.83,27.71084337,40,,1748,7.75,225.5483871,300,
44141,0,1,,0,0,,917,1037,,741,741,1,0.995,,414,414,1,0.997,,208,,200,27,3,0.068493151,0.02,0.05,,9634650,5510950,6788130,0,17497,1253.570898,800,,-,-,-,-,,6070,21,289.047619,250,,2797,12.8,218.515625,300,,3273,8.2,399.1463415,250,,32484,135,240.6222222,250,,9388,58,161.862069,150,,11487,84,136.75,200,,0,0,#DIV/0!,100,,4733,30,157.7666667,160,,0,0,#DIV/0!,,,34,1.3,26.15384615,40,,2211,7.47,295.9839357,300,
44142,0,1,,0,0,,435,765,,541,541,1,0.995,,416,416,1,0.997,,216,,176,0,0,0,0.02,0.05,,7083520,4943830,6890000,0,12945,1461.363461,800,,-,-,-,-,,4154,14.7,282.585034,250,,3139,11.87,264.4481887,300,,1015,2.8,362.5,250,,23184,108,214.6666667,250,,7891,71,111.1408451,150,,5497,38.5,142.7792208,200,,0,0,#DIV/0!,100,,5028,29.3,171.6040956,160,,0,0,#DIV/0!,,,7,0.2,35,40,,1483,6.32,234.6518987,300,
44143,-,1,,-,0,,-,-,,-,-,#VALUE!,0.995,,-,-,#VALUE!,0.997,,-,,-,-,-,#DIV/0!,0.02,0.05,,-,-,-,-,-,#VALUE!,800,,-,-,-,-,,-,-,#VALUE!,250,,-,-,#VALUE!,300,,-,-,#VALUE!,250,,-,-,#VALUE!,250,,-,-,#VALUE!,150,,-,-,#VALUE!,200,,-,-,#VALUE!,100,,-,-,#VALUE!,160,,-,-,#VALUE!,,,-,-,#VALUE!,40,,-,-,#VALUE!,300,
44144,0,1,,0,0,,783,646,,852,852,1,0.995,,399,399,1,0.997,,232,,192,0,0,0,0.02,0.05,,7727470,5393270,7540000,0,25062,824.3851249,800,,-,-,-,-,,6549,25.54,256.4212999,250,,4108,17.32,237.182448,300,,2441,8.2,297.6829268,250,,17604,86,204.6976744,250,,8608,58,148.4137931,150,,11255,70,160.7857143,200,,3938,36.17,108.8747581,100,,9020,40,225.5,160,,3136,3,1045.333333,,,10,0.3,33.33333333,40,,1470,5.3,277.3584906,300,
44145,0,1,,0,0,,869,380,,884,884,1,0.995,,447,447,1,0.997,,232,,198,0,0,0,0.02,0.05,,7968960,5393270,7540000,0,25943,805.6982616,800,,-,-,-,-,,1989,11.65,170.7296137,250,,1989,11.65,170.7296137,300,,0,0,#DIV/0!,250,,12960,64,202.5,250,,9007,89,101.2022472,150,,13068,67.5,193.6,200,,6369,86.25,73.84347826,100,,5368,35.5,151.2112676,160,,600,0.92,652.173913,,,4,0.17,23.52941176,40,,2243,9.12,245.9429825,300,
44146,0,1,,0,0,,1081,1087,,813,813,1,0.995,,632,632,1,0.997,,228,,192,15,12,0.060402685,0.02,0.05,VTA OT pack & sort Xdock HCM,8713530,5393270,8047500,0,22661,977.6399982,800,,-,-,-,-,,897,5.43,165.1933702,250,,897,5.43,165.1933702,300,,0,0,#DIV/0!,250,,33900,130,260.7692308,250,,11520,79,145.8227848,150,,12275,65,188.8461538,200,,939,12.18,77.09359606,100,,6417,40.5,158.4444444,160,,0,0,#DIV/0!,,,32,1.3,24.61538462,40,,1809,7.29,248.1481481,300,
44147,0,1,,0,0,,881,1033,,838,838,1,0.995,,441,441,1,0.997,,208,,200,0,0,0,0.02,0.05,,8049450,5393270,6530000,0,20235,987.0383,800,,-,-,-,-,,5141,20.43,251.6397455,250,,2811,13.63,206.2362436,300,,2330,6.8,342.6470588,250,,28476,109,261.2477064,250,,8001,57,140.3684211,150,,12489,62.5,199.824,200,,2534,30,84.46666667,100,,3920,24.5,160,160,,0,0,#DIV/0!,,,12,0.42,28.57142857,40,,1466,6.6,222.1212121,300,
44148,0,1,,0,0,,838,864,,1034,1034,1,0.995,,414,414,1,0.997,,248,,192,88,6,0.176029963,0.02,0.05,VTA OT pack & sort Buildstock,13040100,5393270,8376250,0,22762,1177.823566,800,,-,-,-,-,,7066,30.88,228.8212435,250,,3373,18.43,183.0168204,300,,3693,12.45,296.626506,250,,38628,143,270.1258741,250,,8824,40,220.6,150,,12610,65,194,200,,501,5.63,88.98756661,100,,6843,39.5,173.2405063,160,,680,0.67,1014.925373,,,62,1.5,41.33333333,40,,2975,9.93,299.5971803,300,
44149,0,1,,0,0,,545,791,,630,630,1,0.995,,416,416,1,0.997,,216,,188,0,0,0,0.02,0.05,,7566480,3370790,7180000,0,19168,945.1831177,800,,-,-,-,-,,3389,20.65,164.1162228,250,,2870,17.23,166.5699362,300,,519,3.42,151.754386,250,,34812,134,259.7910448,250,,14167,49,289.122449,150,,8342,43.125,193.4376812,200,,893,9.38,95.20255864,100,,4387,30,146.2333333,160,,0,0,#DIV/0!,,,26,0.7,37.14285714,40,,2520,9.8,257.1428571,300,
44150,-,1,,-,0,,-,-,,-,-,-,0.995,,-,-,#VALUE!,0.997,,-,,-,-,-,#DIV/0!,0.02,0.05,,-,-,-,-,-,#VALUE!,800,,-,-,-,-,,-,-,#VALUE!,250,,-,-,#VALUE!,300,,-,-,#VALUE!,250,,-,-,#VALUE!,250,,-,-,#VALUE!,150,,-,-,#VALUE!,200,,-,-,#VALUE!,100,,-,-,#VALUE!,160,,-,-,#VALUE!,,,-,-,#VALUE!,40,,-,-,#VALUE!,300,
44151,0,1,,0,0,,807,761,,758,758,1,0.995,,630,630,1,0.997,,240,,192,0,0,0,0.02,0.05,,7727470,5393270,7805000,0,24502,854.042119,800,,-,-,-,-,,2283,13.88,164.481268,250,,2206,13.53,163.045085,300,,77,0.35,220,250,,29916,116,257.8965517,250,,15138,56,270.3214286,150,,13736,70,196.2285714,200,,2050,19.69,104.1137633,100,Hàng Xdock HCM không phân lo?i,5992,37.5,159.7866667,160,,705,1.3,542.3076923,,,30,1.02,29.41176471,40,,1629,4.58,355.6768559,300,
44152,0,1,,0,0,,1082,712,,1067,1067,1,0.995,,524,524,1,0.997,,280,,204,37.5,39,0.136485281,0.02,0.05,OT hàng COP,10474300,5393270,10326300,0,28361,923.5876732,800,,-,-,-,-,,2085,7.38,282.5203252,250,,2073,7.33,282.8103683,300,,12,0.05,240,250,,49956,150,333.04,250,,8950,103,86.89320388,150,,17462,80.5,216.9192547,200,,4852,43.125,112.5101449,100,Hàng Xdock HCM không phân lo?i,6258,35.5,176.2816901,160,,25,0.08,312.5,,,31,1.4,22.14285714,40,,2677,12.02,222.7121464,300,
44153,0,1,,0,0,,1132,651,,1193,1193,1,0.995,,441,441,1,0.997,,288,,196,24.5,21,0.085930123,0.02,0.05,,9126060,5393270,9911880,0,39745,614.6989558,800,,-,-,-,-,,2218,7.52,294.9468085,250,,2213,7.5,295.0666667,300,,5,0.02,250,250,,41568,150,277.12,250,,14288,60,238.1333333,150,,18078,86.3,209.4785632,200,,3247,33.05,98.24508321,100,Hàng Xdock HCM không phân lo?i,10026,30,334.2,160,,1967,1.42,1385.211268,,,88,3.13,28.11501597,40,,8020,22.28,359.9640934,300,
44154,0,1,,0,0,,862,790,,878,878,1,0.995,,545,545,1,0.997,,304,,208,21,48,0.118760757,0.02,0.05,,9639220,5393270,11616300,0,23641,1127.227698,800,,-,-,-,-,,7442,30.33,245.3676228,250,,5290,20.9,253.1100478,300,,2152,9.43,228.2078473,250,,56016,154,363.7402597,250,,7482,72,103.9166667,150,,15466,77,200.8571429,200,,5856,45.93,127.4983671,100,Hàng Xdock HCM không phân lo?i,14785,40,369.625,160,,1689,2.08,812.0192308,,,12,0.32,37.5,40,,1956,8.77,223.0330673,300,
44155,0,1,,0,0,,786,1056,,679,679,1,0.995,,345,345,1,0.997,,320,,192,41,32,0.124786325,0.02,0.05,,10202700,5393270,11638800,0,45207,602.4458602,800,,-,-,-,-,,6766,30.8,219.6753247,250,,4078,18.33,222.476814,300,,2688,12.47,215.5573376,250,,43968,158,278.278481,250,,13179,84,156.8928571,150,,11288,62.5,180.608,200,,6197,63.75,97.20784314,100,Hàng Xdock HCM không phân lo?i,8287,40,207.175,160,,3795,3.42,1109.649123,,,75,2.35,31.91489362,40,,1504,7.15,210.3496503,300,
44156,0,1,,0,0,,,,,,,#DIV/0!,0.995,,,,#DIV/0!,0.997,,,,,,,#DIV/0!,0.02,0.05,,,,,0,,#DIV/0!,800,,-,-,-,-,,,,#DIV/0!,250,,,,#DIV/0!,300,,,,#DIV/0!,250,,,,#DIV/0!,250,,,,#DIV/0!,150,,,,#DIV/0!,200,,,,#DIV/0!,100,Hàng Xdock HCM không phân lo?i,,,#DIV/0!,160,,,,#DIV/0!,,,,,#DIV/0!,40,,,,#DIV/0!,300,
44157,-,1,,-,0,,-,-,,-,-,#VALUE!,0.995,,-,-,#VALUE!,0.997,,-,,-,-,-,#DIV/0!,0.02,0.05,,-,-,-,-,-,#VALUE!,800,,-,-,-,-,,-,-,#VALUE!,250,,-,-,#VALUE!,300,,-,-,#VALUE!,250,,-,-,#VALUE!,250,,-,-,#VALUE!,150,,-,-,#VALUE!,200,,-,-,#VALUE!,100,,-,-,#VALUE!,160,,-,-,#VALUE!,,,-,-,#VALUE!,40,,-,-,#VALUE!,300,
44158,,1,,,0,,,,,,,#DIV/0!,0.995,,,,#DIV/0!,0.997,,,,,,,#DIV/0!,0.02,0.05,,,,,,,#DIV/0!,800,,,,,,,,,#DIV/0!,250,,,,#DIV/0!,300,,,,#DIV/0!,250,,,,#DIV/0!,250,,,,#DIV/0!,150,,,,#DIV/0!,200,,,,#DIV/0!,100,,,,#DIV/0!,160,,,,#DIV/0!,,,,,#DIV/0!,40,,,,#DIV/0!,300,
44159,,1,,,0,,,,,,,#DIV/0!,0.995,,,,#DIV/0!,0.997,,,,,,,#DIV/0!,0.02,0.05,,,,,,,#DIV/0!,800,,,,,,,,,#DIV/0!,250,,,,#DIV/0!,300,,,,#DIV/0!,250,,,,#DIV/0!,250,,,,#DIV/0!,150,,,,#DIV/0!,200,,,,#DIV/0!,100,,,,#DIV/0!,160,,,,#DIV/0!,,,,,#DIV/0!,40,,,,#DIV/0!,300,
44160,,1,,,0,,,,,,,#DIV/0!,0.995,,,,#DIV/0!,0.997,,,,,,,#DIV/0!,0.02,0.05,,,,,,,#DIV/0!,800,,,,,,,,,#DIV/0!,250,,,,#DIV/0!,300,,,,#DIV/0!,250,,,,#DIV/0!,250,,,,#DIV/0!,150,,,,#DIV/0!,200,,,,#DIV/0!,100,,,,#DIV/0!,160,,,,#DIV/0!,,,,,#DIV/0!,40,,,,#DIV/0!,300,
44161,,1,,,0,,,,,,,#DIV/0!,0.995,,,,#DIV/0!,0.997,,,,,,,#DIV/0!,0.02,0.05,,,,,,,#DIV/0!,800,,,,,,,,,#DIV/0!,250,,,,#DIV/0!,300,,,,#DIV/0!,250,,,,#DIV/0!,250,,,,#DIV/0!,150,,,,#DIV/0!,200,,,,#DIV/0!,100,,,,#DIV/0!,160,,,,#DIV/0!,,,,,#DIV/0!,40,,,,#DIV/0!,300,
44162,,1,,,0,,,,,,,#DIV/0!,0.995,,,,#DIV/0!,0.997,,,,,,,#DIV/0!,0.02,0.05,,,,,,,#DIV/0!,800,,,,,,,,,#DIV/0!,250,,,,#DIV/0!,300,,,,#DIV/0!,250,,,,#DIV/0!,250,,,,#DIV/0!,150,,,,#DIV/0!,200,,,,#DIV/0!,100,,,,#DIV/0!,160,,,,#DIV/0!,,,,,#DIV/0!,40,,,,#DIV/0!,300,
44163,,1,,,0,,,,,,,#DIV/0!,0.995,,,,#DIV/0!,0.997,,,,,,,#DIV/0!,0.02,0.05,,,,,,,#DIV/0!,800,,,,,,,,,#DIV/0!,250,,,,#DIV/0!,300,,,,#DIV/0!,250,,,,#DIV/0!,250,,,,#DIV/0!,150,,,,#DIV/0!,200,,,,#DIV/0!,100,,,,#DIV/0!,160,,,,#DIV/0!,,,,,#DIV/0!,40,,,,#DIV/0!,300,
44164,,1,,-,0,,-,-,,-,-,-,0.995,,-,-,#VALUE!,0.997,,-,,-,-,-,#DIV/0!,0.02,0.05,,-,-,-,-,-,#VALUE!,800,,-,-,,,,-,-,#VALUE!,250,,-,-,#VALUE!,300,,-,-,#VALUE!,250,,-,-,#VALUE!,250,,-,-,#VALUE!,150,,-,-,#VALUE!,200,,-,-,#VALUE!,100,,-,-,#VALUE!,160,,-,-,#VALUE!,,,-,-,#VALUE!,40,,-,-,#VALUE!,300,
44165,,1,,,0,,,,,,,#DIV/0!,0.995,,,,#DIV/0!,0.997,,,,,,,#DIV/0!,0.02,0.05,,,,,,,#DIV/0!,800,,,,,,,,,#DIV/0!,250,,,,#DIV/0!,300,,,,#DIV/0!,250,,,,#DIV/0!,250,,,,#DIV/0!,150,,,,#DIV/0!,200,,,,#DIV/0!,100,,,,#DIV/0!,160,,,,#DIV/0!,,,,,#DIV/0!,40,,,,#DIV/0!,,
44166,,,,,,,,,,,,,,,,,,,,,,,,,,,,,,,,,,,,,,,,,,,,,,,,,,,,,,,,,,,,,,,,,,,,,,,,,,,,,,,,,,,,,,,,,,,,,,,,
44167,,,,,,,,,,,,,,,,,,,,,,,,,,,,,,,,,,,,,,,,,,,,,,,,,,,,,,,,,,,,,,,,,,,,,,,,,,,,,,,,,,,,,,,,,,,,,,,,
44168,,,,,,,,,,,,,,,,,,,,,,,,,,,,,,,,,,,,,,,,,,,,,,,,,,,,,,,,,,,,,,,,,,,,,,,,,,,,,,,,,,,,,,,,,,,,,,,,
44169,,,,,,,,,,,,,,,,,,,,,,,,,,,,,,,,,,,,,,,,,,,,,,,,,,,,,,,,,,,,,,,,,,,,,,,,,,,,,,,,,,,,,,,,,,,,,,,,
44170,,,,,,,,,,,,,,,,,,,,,,,,,,,,,,,,,,,,,,,,,,,,,,,,,,,,,,,,,,,,,,,,,,,,,,,,,,,,,,,,,,,,,,,,,,,,,,,,
44171,,,,,,,,,,,,,,,,,,,,,,,,,,,,,,,,,,,,,,,,,,,,,,,,,,,,,,,,,,,,,,,,,,,,,,,,,,,,,,,,,,,,,,,,,,,,,,,,
44172,,,,,,,,,,,,,,,,,,,,,,,,,,,,,,,,,,,,,,,,,,,,,,,,,,,,,,,,,,,,,,,,,,,,,,,,,,,,,,,,,,,,,,,,,,,,,,,,
44173,,,,,,,,,,,,,,,,,,,,,,,,,,,,,,,,,,,,,,,,,,,,,,,,,,,,,,,,,,,,,,,,,,,,,,,,,,,,,,,,,,,,,,,,,,,,,,,,
44174,,,,,,,,,,,,,,,,,,,,,,,,,,,,,,,,,,,,,,,,,,,,,,,,,,,,,,,,,,,,,,,,,,,,,,,,,,,,,,,,,,,,,,,,,,,,,,,,
44175,,,,,,,,,,,,,,,,,,,,,,,,,,,,,,,,,,,,,,,,,,,,,,,,,,,,,,,,,,,,,,,,,,,,,,,,,,,,,,,,,,,,,,,,,,,,,,,,
44176,,,,,,,,,,,,,,,,,,,,,,,,,,,,,,,,,,,,,,,,,,,,,,,,,,,,,,,,,,,,,,,,,,,,,,,,,,,,,,,,,,,,,,,,,,,,,,,,
44177,,,,,,,,,,,,,,,,,,,,,,,,,,,,,,,,,,,,,,,,,,,,,,,,,,,,,,,,,,,,,,,,,,,,,,,,,,,,,,,,,,,,,,,,,,,,,,,,
44178,,,,,,,,,,,,,,,,,,,,,,,,,,,,,,,,,,,,,,,,,,,,,,,,,,,,,,,,,,,,,,,,,,,,,,,,,,,,,,,,,,,,,,,,,,,,,,,,
44179,,,,,,,,,,,,,,,,,,,,,,,,,,,,,,,,,,,,,,,,,,,,,,,,,,,,,,,,,,,,,,,,,,,,,,,,,,,,,,,,,,,,,,,,,,,,,,,,
44180,,,,,,,,,,,,,,,,,,,,,,,,,,,,,,,,,,,,,,,,,,,,,,,,,,,,,,,,,,,,,,,,,,,,,,,,,,,,,,,,,,,,,,,,,,,,,,,,
44181,,,,,,,,,,,,,,,,,,,,,,,,,,,,,,,,,,,,,,,,,,,,,,,,,,,,,,,,,,,,,,,,,,,,,,,,,,,,,,,,,,,,,,,,,,,,,,,,
44182,,,,,,,,,,,,,,,,,,,,,,,,,,,,,,,,,,,,,,,,,,,,,,,,,,,,,,,,,,,,,,,,,,,,,,,,,,,,,,,,,,,,,,,,,,,,,,,,
44183,,,,,,,,,,,,,,,,,,,,,,,,,,,,,,,,,,,,,,,,,,,,,,,,,,,,,,,,,,,,,,,,,,,,,,,,,,,,,,,,,,,,,,,,,,,,,,,,
44184,,,,,,,,,,,,,,,,,,,,,,,,,,,,,,,,,,,,,,,,,,,,,,,,,,,,,,,,,,,,,,,,,,,,,,,,,,,,,,,,,,,,,,,,,,,,,,,,
44185,,,,,,,,,,,,,,,,,,,,,,,,,,,,,,,,,,,,,,,,,,,,,,,,,,,,,,,,,,,,,,,,,,,,,,,,,,,,,,,,,,,,,,,,,,,,,,,,
44186,,,,,,,,,,,,,,,,,,,,,,,,,,,,,,,,,,,,,,,,,,,,,,,,,,,,,,,,,,,,,,,,,,,,,,,,,,,,,,,,,,,,,,,,,,,,,,,,
44187,,,,,,,,,,,,,,,,,,,,,,,,,,,,,,,,,,,,,,,,,,,,,,,,,,,,,,,,,,,,,,,,,,,,,,,,,,,,,,,,,,,,,,,,,,,,,,,,
44188,,,,,,,,,,,,,,,,,,,,,,,,,,,,,,,,,,,,,,,,,,,,,,,,,,,,,,,,,,,,,,,,,,,,,,,,,,,,,,,,,,,,,,,,,,,,,,,,
44189,,,,,,,,,,,,,,,,,,,,,,,,,,,,,,,,,,,,,,,,,,,,,,,,,,,,,,,,,,,,,,,,,,,,,,,,,,,,,,,,,,,,,,,,,,,,,,,,
44190,,,,,,,,,,,,,,,,,,,,,,,,,,,,,,,,,,,,,,,,,,,,,,,,,,,,,,,,,,,,,,,,,,,,,,,,,,,,,,,,,,,,,,,,,,,,,,,,
44191,,,,,,,,,,,,,,,,,,,,,,,,,,,,,,,,,,,,,,,,,,,,,,,,,,,,,,,,,,,,,,,,,,,,,,,,,,,,,,,,,,,,,,,,,,,,,,,,
44192,,,,,,,,,,,,,,,,,,,,,,,,,,,,,,,,,,,,,,,,,,,,,,,,,,,,,,,,,,,,,,,,,,,,,,,,,,,,,,,,,,,,,,,,,,,,,,,,
44193,,,,,,,,,,,,,,,,,,,,,,,,,,,,,,,,,,,,,,,,,,,,,,,,,,,,,,,,,,,,,,,,,,,,,,,,,,,,,,,,,,,,,,,,,,,,,,,,
44194,,,,,,,,,,,,,,,,,,,,,,,,,,,,,,,,,,,,,,,,,,,,,,,,,,,,,,,,,,,,,,,,,,,,,,,,,,,,,,,,,,,,,,,,,,,,,,,,
44195,,,,,,,,,,,,,,,,,,,,,,,,,,,,,,,,,,,,,,,,,,,,,,,,,,,,,,,,,,,,,,,,,,,,,,,,,,,,,,,,,,,,,,,,,,,,,,,,
44196,,,,,,,,,,,,,,,,,,,,,,,,,,,,,,,,,,,,,,,,,,,,,,,,,,,,,,,,,,,,,,,,,,,,,,,,,,,,,,,,,,,,,,,,,,,,,,,,
